{
  "Logistic Regression": {
    "train_acc": 0.6583178119792177,
    "train_test_gap_pct": 0.18348150706888333,
    "prediction_time_seconds": 0.01054525375366211,
    "n_params": 48,
    "best_params": "{'C': 1, 'l1_ratio': None, 'penalty': 'l1', 'solver': 'liblinear'}",
    "train_time_seconds": 3.396817922592163,
    "test_acc": 0.6564829969085288,
    "logloss": 0.6076387916112004,
    "brier": 0.21083195951202177,
    "auc": 0.72397857268947
  },
  "Random Forest": {
    "train_acc": 0.6879227526713068,
    "train_test_gap_pct": 2.598421839234699,
    "prediction_time_seconds": 0.35065698623657227,
    "n_estimators": 500,
    "total_leaves": 75920,
    "avg_leaves_per_tree": 151.8,
    "best_params": "{'max_depth': 10, 'max_features': 'sqrt', 'min_samples_leaf': 50, 'n_estimators': 500}",
    "train_time_seconds": 22.894080877304077,
    "test_acc": 0.6619385342789598,
    "logloss": 0.6079285026135509,
    "brier": 0.2104754793619645,
    "auc": 0.7269842892049836
  },
  "LinearSVC (calib.)": {
    "train_acc": 0.6597392412508578,
    "train_test_gap_pct": 0.08921781484755309,
    "prediction_time_seconds": 0.007537126541137695,
    "n_params": 48,
    "best_params": "{'estimator__C': 1.0}",
    "train_time_seconds": 1.0086541175842285,
    "test_acc": 0.6588470631023823,
    "logloss": 0.6135485807188474,
    "brier": 0.2108842114202876,
    "auc": 0.7235444254351096
  },
  "XGBoost": {
    "train_acc": 0.6738064895598471,
    "train_test_gap_pct": 1.4050170229059744,
    "prediction_time_seconds": 0.059329986572265625,
    "n_estimators": 135,
    "best_params": "{'colsample_bytree': None, 'learning_rate': 0.1, 'max_depth': 3, 'min_child_weight': 1, 'reg_lambda': 10, 'subsample': None}",
    "train_time_seconds": 39.26688194274902,
    "test_acc": 0.6597563193307874,
    "logloss": 0.6052110153747595,
    "brier": 0.20989325571082906,
    "auc": 0.72655631371685
  },
  "LightGBM": {
    "train_acc": 0.6692481129301049,
    "train_test_gap_pct": 1.2946967267257081,
    "train_time_seconds": 0.09099721908569336,
    "n_estimators": 97,
    "best_params": "{'learning_rate': 0.1, 'max_depth': 3, 'min_child_samples': 20, 'n_estimators': 1000, 'num_leaves': 15, 'reg_lambda': 10}",
    "test_acc": 0.6563011456628478,
    "logloss": 0.604797149428733,
    "brier": 0.20963631373029817,
    "auc": 0.7276130130031815
  },
  "CatBoost": {
    "train_acc": 0.6782668365846486,
    "train_test_gap_pct": 1.5237194831602574,
    "train_time_seconds": 0.5184392929077148,
    "n_estimators": 154,
    "best_params": "{'iterations': 1000, 'learning_rate': 0.05, 'depth': 6, 'l2_leaf_reg': 5}",
    "test_acc": 0.663029641753046,
    "logloss": 0.6032696526623289,
    "brier": 0.20883888741191958,
    "auc": 0.7303231483705873,
    "shap_top_features": [
      "elo_hard_diff",
      "log_rank_diff",
      "elo_clay_diff",
      "elo_grass_diff",
      "rank_points_diff",
      "matches_14d_diff",
      "win_rate_surface_diff",
      "first_won_pct_diff",
      "A_serve_rel",
      "win_rate_last10_diff"
    ],
    "shap_compute_time_seconds": 0.11143708229064941,
    "shap_native_rank_correlation": 0.9684021859442599
  },
  "Elo baseline (K=32, no burn-in)": {
    "test_acc": 0.6455719221676669,
    "logloss": 0.6219045545722128,
    "brier": 0.21684174200264614,
    "auc": 0.707658033715098,
    "train_time_seconds": 0.9352121353149414
  },
  "Elo (dyn-K + RTM + burn-in)": {
    "test_acc": 0.6513911620294599,
    "logloss": 0.6218634777769464,
    "brier": 0.21654184439299237,
    "auc": 0.7101275365627376,
    "train_time_seconds": 1.1823890209197998
  },
  "Rank-based (higher-ranked wins)": {
    "test_acc": 0.6368817797389226,
    "logloss": null,
    "brier": null,
    "auc": null,
    "train_time_seconds": 0.0
  },
  "MLP (PyTorch)": {
    "test_acc": 0.6530278232405892,
    "logloss": 0.6079637519350205,
    "brier": 0.2110225093220689,
    "auc": 0.7228793346703282,
    "train_acc": 0.6794431918439369,
    "train_test_gap_pct": 2.64153686033477,
    "train_time_seconds": 3.7569949626922607,
    "n_params": 56513,
    "best_params": "{'lr': 0.001, 'batch_size': 256, 'n_epochs_max': 100, 'weight_decay': 0.0001, 'early_stop_patience': 15}",
    "architecture": "TennisMLP(   (net): Sequential(     (0): Linear(in_features=47, out_features=256, bias=True)     (1): BatchNorm1d(256, eps=1e-05, momentum=0.1, affine=True, bias=True, track_running_stats=True)     (2): ReLU()     (3): Dropout(p=0.3, inplace=False)     (4): Linear(in_features=256, out_features=128, "
  },
  "Hybrid LSTM": {
    "test_acc": 0.6652118567012184,
    "logloss": 0.6040726103879454,
    "brier": 0.20928753792514984,
    "auc": 0.7291575472737384,
    "train_acc": 0.6700813645721008,
    "train_test_gap_pct": 0.48695078708823614,
    "train_time_seconds": 77.87203311920166,
    "n_params": 193793,
    "best_params": "{'lstm_hidden_win': 96, 'lstm_dropout_win': 0.4, 'lr': 0.001, 'batch_size': 128, 'n_epochs_max': 60, 'weight_decay': 0.0001, 'seq_len': 20, 'early_stop_patience': 10}",
    "architecture": "HybridSiameseLSTM(   (encoder): LSTM(7, 96, batch_first=True, bidirectional=True)   (classifier): Sequential(     (0): Linear(in_features=815, out_features=128, bias=True)     (1): BatchNorm1d(128, eps=1e-05, momentum=0.1, affine=True, bias=True, track_running_stats=True)     (2): ReLU()     (3): Dr"
  }
}